<?xml version="1.0" encoding="UTF-8"?>
<!DOCTYPE mapper PUBLIC "-//mybatis.org//DTD Mapper 3.0//EN"
        "http://mybatis.org/dtd/mybatis-3-mapper.dtd">
<!--命名空间和接口保持一致-->
<mapper namespace="com.hotel.mapper.GuestMapper">
    <select id="listAllGuest" resultType="Guest">
        select * from Guest
    </select>

    <select id="listPagedGuest"   resultType="Guest">
        select top ${pageSize} * from t_userinfo where ID not in (select top (${pageSize} * (${pageIndex} -1)) ID from Guest)
    </select>

    <select id="count" resultType="int">
        select count(*) from Guest
    </select>

    <insert id="insertGuest" parameterType="Guest">
        insert into Guest VALUES (#{IDType},#{ID},#{name},#{sex},#{age},#{phone},#{address},#{note})
    </insert>

    <update id="updateGuest" parameterType="Guest">
        UPDATE  Guest set name=#{name}, age=#{age}, phone=#{phone}, address=#{address}, note=#{note} where IDType=#{IDType} and ID=#{ID}
    </update>

    <delete id="deleteGuest" parameterType="Guest">
        DELETE FROM Guest where IDType=#{IDType} and ID=#{ID}
    </delete>

    <select id="getGuestById" resultType="Guest" parameterType="Guest">
        select * from Guest where ID=#{ID}
    </select>

    <select id="queryGuest" resultType="Guest" parameterType="String">
        select * from Guest where
            IDType like #{keyword} or ID like #{keyword}
            or name like #{keyword} or sex like #{keyword}
            or age like #{keyword} or phone like #{keyword}
            or address like #{keyword} or note like #{keyword}
    </select>

</mapper>